c_TasaOCuota,c_Impuesto
0.000000,001
0.060000,002
0.160000,002
1.600000,002