c_TasaOCuota,c_Descripcion,c_Impuesto
0.000000,Exento,001
0.060000,IVA 16%,002
0.160000,IVA 16%,002
1.600000,IEPS 160%,003